{"J1": [[93.694, 36.178], 158.8, "B.Cu"], "JPF4": [[96.252, 33.094], 68.80000000000001, "F.Cu"], "SW64": [[167.402, 119.156], 158.0, "F.Cu"], "L22": [[109.231, 49.766], -6.0, "F.Cu"], "JPF6": [[93.884, 32.176], 68.80000000000001, "F.Cu"], "C42": [[149.135, 53.427], 156.0, "F.Cu"], "C62": [[178.848, 73.159], 172.0, "F.Cu"], "CD1": [[80.618, 86.938], -111.2, "F.Cu"], "SW42": [[145.678, 61.192], 156.0, "F.Cu"], "C1": [[68.741, 89.906], 158.8, "F.Cu"], "R72": [[170.142, 132.127], 68.0, "F.Cu"], "H5": [[202.571, 57.936], 120.0, "F.Cu"], "L64": [[169.163, 114.798], -22.0, "F.Cu"], "R12": [[84.72, 88.529], 68.8, "F.Cu"], "D71": [[192.984, 72.964], -98.0, "F.Cu"], "L52": [[164.576, 64.589], -26.0, "F.Cu"], "C3": [[80.276, 40.133], 68.80000000000001, "F.Cu"], "L15": [[60.123, 127.727], 116.0, "F.Cu"], "L43": [[143.414, 73.648], 156.0, "F.Cu"], "SW35": [[102.571, 119.602], -88.0, "F.Cu"], "L83": [[205.286, 112.3], 172.0, "F.Cu"], "C35": [[94.076, 119.899], -88.0, "F.Cu"], "R121": [[120.441, 126.901], -96.0, "F.Cu"], "L31": [[129.692, 34.823], 174.0, "F.Cu"], "D73": [[183.555, 105.973], -98.0, "F.Cu"], "R61": [[162.169, 128.905], -112.0, "F.Cu"], "SW51": [[167.274, 52.219], 154.0, "F.Cu"], "L72": [[194.16, 86.359], -8.0, "F.Cu"], "D25": [[81.057, 115.58], 14.0, "F.Cu"], "R81": [[183.738, 140.656], -112.0, "F.Cu"], "C25": [[74.892, 122.682], 104.0, "F.Cu"], "JPF2": [[98.62, 34.013], 68.80000000000001, "F.Cu"], "SW54": [[153.0, 102.0], 154.0, "F.Cu"], "D83": [[199.396, 115.41], -98.0, "F.Cu"], "D31": [[134.655, 39.266], -96.0, "F.Cu"], "JPF8": [[91.516, 31.257], 68.80000000000001, "F.Cu"], "D82": [[204.111, 98.905], -98.0, "F.Cu"], "SW43": [[141.502, 77.942], 156.0, "F.Cu"], "R41": [[131.756, 104.252], -114.0, "F.Cu"], "C43": [[144.959, 70.177], -24.0, "F.Cu"], "D44": [[132.717999, 91.764], -114.0, "F.Cu"], "L24": [[102.123, 83.206], -6.0, "F.Cu"], "R52": [[145.122, 110.396], 64.0, "F.Cu"], "L54": [[155.06, 97.776], -26.0, "F.Cu"], "L53": [[159.818, 81.182], 154.0, "F.Cu"], "R32": [[120.771, 100.952], 84.0, "F.Cu"], "D62": [[172.429, 80.032], -98.0, "F.Cu"], "D54": [[148.497, 98.914], -116.0, "F.Cu"], "L44": [[139.238, 90.397], -24.0, "F.Cu"], "CD2": [[99.488, 98.715], -96.0, "F.Cu"], "CD7": [[174.222, 133.775], -112.0, "F.Cu"], "CD6": [[164.209, 129.729999], -112.0, "F.Cu"], "L14": [[87.228, 72.662], -21.2, "F.Cu"], "D14": [[90.852, 78.251], -111.2, "F.Cu"], "R122": [[122.032, 127.068], -96.0, "F.Cu"], "SW73": [[188.791, 107.517], 172.0, "F.Cu"], "SW71": [[198.22, 74.508], 172.0, "F.Cu"], "L73": [[189.445, 102.863], 172.0, "F.Cu"], "D42": [[141.07, 58.265], -114.0, "F.Cu"], "H8": [[117.055, 23.139], 0.0, "F.Cu"], "R31": [[118.583, 100.722], -96.0, "F.Cu"], "G1": [[175.5, 34.5], -30.0, "F.Cu"], "C32": [[126.535, 47.764], 174.0, "F.Cu"], "C64": [[170.586, 111.275], 158.0, "F.Cu"], "SW33": [[122.093, 72.937], 174.0, "F.Cu"], "SW52": [[162.516, 68.813], 154.0, "F.Cu"], "SW61": [[182.38, 65.072], 172.0, "F.Cu"], "SW44": [[137.326, 94.691], 156.0, "F.Cu"], "C61": [[183.563, 56.655], -8.0, "F.Cu"], "SW62": [[177.665, 81.576], 172.0, "F.Cu"], "SW53": [[157.758, 85.406], 154.0, "F.Cu"], "L32": [[126.138, 51.543], -6.0, "F.Cu"], "D21": [[117.748, 37.489], -96.0, "F.Cu"], "L25": [[78.58, 121.763], -76.0, "F.Cu"], "D22": [[114.194, 54.209], -96.0, "F.Cu"], "D43": [[136.894, 75.015], -114.0, "F.Cu"], "C73": [[189.974, 99.1], -8.0, "F.Cu"], "R71": [[172.182, 132.951], -112.0, "F.Cu"], "D35": [[101.583, 114.233], 2.0, "F.Cu"], "D65": [[143.576, 126.819], 84.0, "F.Cu"], "SW41": [[149.855, 44.443], 156.0, "F.Cu"], "C23": [[106.074, 62.707], -6.0, "F.Cu"], "C33": [[122.981, 64.483999], -6.0, "F.Cu"], "L61": [[183.034, 60.418], 172.0, "F.Cu"], "CD4": [[133.764999, 105.147], -114.0, "F.Cu"], "D33": [[127.547, 72.706], -96.0, "F.Cu"], "C21": [[113.182, 29.267], -6.0, "F.Cu"], "H4": [[44.084, 106.59], -90.0, "F.Cu"], "C52": [[166.242, 61.173], 154.0, "F.Cu"], "L71": [[198.874, 69.854], 172.0, "F.Cu"], "H2": [[91.81, 146.316], 0.0, "F.Cu"], "SW24": [[101.632, 87.88], 174.0, "F.Cu"], "C31": [[130.089, 31.044], -6.0, "F.Cu"], "SW13": [[89.129, 60.205], 158.8, "F.Cu"], "D51": [[162.771, 49.133], -116.0, "F.Cu"], "L84": [[190.732, 126.549], -22.0, "F.Cu"], "L35": [[97.874, 119.766], 92.0, "F.Cu"], "L33": [[122.584, 68.263], 174.0, "F.Cu"], "SW63": [[172.95, 98.081], 172.0, "F.Cu"], "H7": [[151.545, 23.139], 0.0, "F.Cu"], "R11": [[82.669, 87.734], -111.2, "F.Cu"], "H3": [[224.516, 106.59], 90.0, "F.Cu"], "D72": [[188.27, 89.469], -98.0, "F.Cu"], "D15": [[61.261, 121.164], 26.0, "F.Cu"], "C71": [[199.403, 66.090999], -8.0, "F.Cu"], "C4": [[65.304, 87.983], 68.80000000000001, "F.Cu"], "D84": [[184.264, 128.142], -112.0, "F.Cu"], "SW21": [[112.294, 37.72], 174.0, "F.Cu"], "R51": [[147.099, 111.361], -116.0, "F.Cu"], "CD8": [[185.778, 141.481], -112.0, "F.Cu"], "D53": [[153.255, 82.32], -116.0, "F.Cu"], "L42": [[147.59, 56.898], -24.0, "F.Cu"], "SW15": [[64.346999, 125.667], -64.0, "F.Cu"], "SW82": [[209.347, 100.449], 172.0, "F.Cu"], "L62": [[178.319, 76.922], -8.0, "F.Cu"], "L34": [[119.03, 84.983], -6.0, "F.Cu"], "SW23": [[105.186, 71.16], 174.0, "F.Cu"], "C14": [[88.602, 69.119], 158.8, "F.Cu"], "H6": [[66.029, 57.936], -120.0, "F.Cu"], "D61": [[177.144, 63.528], -98.0, "F.Cu"], "SW84": [[188.971, 130.907], 158.0, "F.Cu"], "D34": [[123.993, 89.426], -96.0, "F.Cu"], "C83": [[205.815, 108.537], -8.0, "F.Cu"], "D64": [[162.695, 116.391], -112.0, "F.Cu"], "CD11": [[119.373, 121.761], 84.0, "F.Cu"], "D32": [[131.101, 55.986], -96.0, "F.Cu"], "L82": [[210.001, 95.795], -8.0, "F.Cu"], "R112": [[122.555, 122.095], 84.0, "F.Cu"], "R1": [[63.812, 87.404], -111.2, "F.Cu"], "C51": [[171.0, 44.579], -26.0, "F.Cu"], "R111": [[120.964, 121.928], 84.0, "F.Cu"], "R62": [[160.129, 128.080999], 68.0, "F.Cu"], "D24": [[107.086, 87.649], -96.0, "F.Cu"], "C22": [[109.628, 45.987], 174.0, "F.Cu"], "SW31": [[129.201, 39.497], 174.0, "F.Cu"], "H1": [[176.79, 146.316], 0.0, "F.Cu"], "L41": [[151.767, 40.149], 156.0, "F.Cu"], "DL1": [[107.325, 27.595], 174.0, "F.Cu"], "L13": [[90.829, 55.823], 158.8, "F.Cu"], "D13": [[94.453, 61.412], -111.2, "F.Cu"], "SW32": [[125.647, 56.217], 174.0, "F.Cu"], "C34": [[119.427, 81.204], 174.0, "F.Cu"], "CD5": [[149.077, 112.325], -116.0, "F.Cu"], "SW25": [[83.14, 120.626], -76.0, "F.Cu"], "R22": [[103.864, 99.175], 84.0, "F.Cu"], "C72": [[194.689, 82.596], 172.0, "F.Cu"], "C84": [[192.155, 123.026], 158.0, "F.Cu"], "C53": [[161.484, 77.766], -26.0, "F.Cu"], "CD12": [[118.85, 126.733], -96.0, "F.Cu"], "L63": [[173.604, 93.427], 172.0, "F.Cu"], "L21": [[112.785, 33.046], 174.0, "F.Cu"], "C82": [[210.53, 92.032], 172.0, "F.Cu"], "D41": [[145.247, 41.516], -114.0, "F.Cu"], "D52": [[158.013, 65.727], -116.0, "F.Cu"], "R21": [[101.676, 98.945], -96.0, "F.Cu"], "D23": [[110.64, 70.929], -96.0, "F.Cu"], "R82": [[181.698, 139.832], 68.0, "F.Cu"], "C15": [[56.707, 129.393], -64.0, "F.Cu"], "L23": [[105.677, 66.486], 174.0, "F.Cu"], "SW22": [[108.74, 54.44], 174.0, "F.Cu"], "SW72": [[193.506, 91.013], 172.0, "F.Cu"], "SW83": [[204.632, 116.954], 172.0, "F.Cu"], "D63": [[167.714, 96.537], -98.0, "F.Cu"], "C24": [[102.52, 79.427], 174.0, "F.Cu"], "R42": [[129.746, 103.357], 66.0, "F.Cu"], "SW14": [[85.528, 77.044], 158.8, "F.Cu"], "SW34": [[118.539, 89.657], 174.0, "F.Cu"], "C41": [[153.312, 36.678], -24.0, "F.Cu"], "C54": [[156.726, 94.36], 154.0, "F.Cu"], "CD3": [[116.395, 100.492], -96.0, "F.Cu"], "L51": [[169.334, 47.995], 154.0, "F.Cu"], "C63": [[174.133, 89.664], -8.0, "F.Cu"], "C44": [[140.783, 86.926], 156.0, "F.Cu"], "RE1": [[133.133999, 125.721], -6.0, "F.Cu"], "C13": [[92.203, 52.28], -21.2, "F.Cu"], "U1": [[68.653, 95.664], -111.2, "F.Cu"], "JPB4": [[93.884, 32.176], 68.80000000000001, "B.Cu"], "JPB2": [[91.516, 31.257], 68.80000000000001, "B.Cu"], "JPB8": [[98.62, 34.013], 68.80000000000001, "B.Cu"], "U2": [[68.653, 95.664], 68.8, "B.Cu"], "C2": [[64.834999, 99.975], 158.8, "B.Cu"], "G2": [[175.5, 34.5], 150.0, "B.Cu"], "JPB6": [[96.252, 33.094], 68.80000000000001, "B.Cu"]}